key;en;fa;ku;ar;bal;az
page_title;Digital Iran Freedom Congress;کنگره‌ی دیجیتال آزادی ایران;کۆنگرەی دیجیتاڵیی ئازادیی ئێران;المؤتمر الرقمي لحرية إيران;ایران ءِ آزاتی ءِ ڈیجیٹالی کانگرس;ایرانین دیجیتال آزادلیق کونقره‌سی
meta_description;A continuous, digital-first political engagement space for Iranians. Every weekend, without end.;فضای مشارکت سیاسی پیوسته و دیجیتال برای ایرانیان. هر آخر هفته، بدون پایان.;بۆشایی بەشداری سیاسی بەردەوام و دیجیتاڵ بۆ ئێرانیان. هەموو کۆتایی هەفتەیەک، بەبێ کۆتایی.;فضاء مشاركة سياسية مستمرة ورقمية للإيرانيين. كل نهاية أسبوع، بلا نهاية.;ایرانیانی یک مدامیݔں سیاسی پدگیری ءِ ڈیجیٹالی جاگہ. ھر ھپتگ ءِ آخرا، بے سرھد.;ایرانلیلار اوچون داواملی و ایلک نؤوبه‌ده دیجیتال سیاسی ایشتیراک فضاسی. هر هفته‌سونو، سونسوز.
nav_about;About;درباره;دەربارە;حول;بارہ ءَ;حاقیندا
nav_working_groups;Working Groups;کارگروه‌ها;گرووپە کارەکان;مجموعات العمل;کار ءِ گرۏپاں;ایشچی قروپلار
nav_governance;Governance;حکمرانی;بەڕێوەبردن;الحوكمة;سررشتگی;ایداره‌ائتمه
nav_join;Join;عضویت;بەشداری;انضمام;گۏں بئیگ;قوشولما
nav_redlines;Red Lines;خطوط قرمز;هێڵی سوور;خطوط حمراء;سُھرݔں لکݔر;قیرمیزی خطلر
nav_partners;Partners;همکاران;هاوبەشان;شركاء;ھمکاراں;طرفداشلار
nav_aria_label;Main navigation;ناوبری اصلی;گەشتیاریی سەرەکی;التنقل الرئيسي;بنیادی راہبری;Əsas naviqasiya
menu_aria_label;Menu;منو;پێڕست;القائمة;مینیو;Menyu
hero_label;A Continuous Political Engagement Space;فضای مشارکت سیاسی پیوسته;بۆشایی بەشداری سیاسی بەردەوام;فضاء مشاركة سياسية مستمرة;مدامیݔں سیاسی پدگیری ءِ جاگہ;داواملی سیاسی ایشتیراک فضاسی
hero_subtitle;Every weekend, without end — a structured, secure, digital space where Iranians deliberate, decide, and act together. Not a one-off event. A permanent rhythm of freedom.;هر آخر هفته، بدون پایان — فضای دیجیتالی امنی سازمان‌دهی‌شده که ایرانیان در آن گفتگو می‌کنند، تصمیم می‌گیرند و با هم عمل می‌کنند. نه یک رویداد یکباره، بلکه یک ریتم دائمی تجربه آزادی.;هەر کۆتایی هەفتەیەک، بێ کۆتایی — بۆشاییەکی ڕێکخراو، پارێزراو و دیجیتاڵ کە ئێرانییەکان تێیدا گفتوگۆ دەکەن، بڕیار دەدەن و پێکەوە کار دەکەن. نەک تەنها ڕووداوێکی تاک، بەڵکو ڕیتمێکی هەمیشەییی ئەزموونی ئازادی.;كل نهاية أسبوع، بلا نهاية — فضاء منظّم وآمن ورقمي يتحاور فيه الإيرانيون ويقررون ويعملون معاً. ليس حدثاً لمرة واحدة، بل إيقاع دائم لتجربة الحرية.;ھر ھپتگ ءِ آخرا، بے سرھد — یک رݔکبند، سلامت ءُ ڈیجیٹالی جاگھه کہ ایرانی اۏدا گۏں یکدگرا گپ جن انت، پݔسله کن انت ءُ کار کن انت. اے یک واریݔں رۏدادے نه اِنت، بلکه آزاتی ءِ یک مدامیݔں تجربے ءِ ریتمے.;هر هفته‌سونو، سونسوز — ایرانلیلارین بیرلیکده مصلحتلشدیغی، قرار وئردیغی و عمل ائتدیغی ایستروکتورلو، تهلوکه‌سیز و دیجیتال فضا. بو بیر دفعه‌لیک حادیثه دئییل، بلکه آزادلیق تجربه‌سینین دایمی ریتمیدیر.
btn_join;Join the Congress;به کنگره بپیوندید;بەشداربە لە کۆنگرەدا;انضم إلى المؤتمر;کانگرس ءَ گۏں بئیت;کونقره‌یه قوشولون
btn_learn_more;Learn More;بیشتر بدانید;زیاتر بزانە;اعرف المزيد;گݔشتر بزان اِت;داها چوخ اؤیره‌نین
stat_working_groups;Working Groups;کارگروه;گرووپی کار;مجموعات عمل;کار ءِ گرۏپ;ایشچی قروپ
stat_launch_sprint;Launch Sprint;برنامه آغازین;بەرنامەی دەستپێک;برنامج الإطلاق;بنگیجی پروگرام;باشلانغیج برناماسی
stat_weekends;Weekends;آخر هفته‌ها;کۆتایی هەفتە;نهايات الأسبوع;ھپتگ ءِ آخراں;هفته‌سونلاری
stat_venue_cost;Venue Cost;هزینه‌ی مکان;تێچووی شوێن;تكلفة المكان;جاگہ ءِ ھرچ;مکان خرجی
about_label;Why This Congress;چرا این کنگره;بۆچی ئەم کۆنگرەیە;لماذا هذا المؤتمر;پرچا اے کانگرس؟;نیه بو کونقره؟
about_heading;Tired of one-off, fruitless, unaccountable actions?;از کارهای مقطعی و بی‌نتیجه و ناپاسخگو خسته‌ای؟;لە کارە کاتیی و بێ ئەنجام و بێ بەرپرسیارەکان ماندووبوویت؟;هل تعبت من الأعمال المؤقتة، غير المثمرة، وغير الخاضعة للمساءلة؟;چہ یک واری، بے نپ ءُ بے جۏابݔں کاراں سست ءُ بݔزار اِت؟;بیر دفعه‌لیک، نتیجه‌سیز و جاوابده‌لیگی اولمایان ایشلردن یورولموسونوز؟
quote_founding;Disagree with ideas freely. Attack people never. Endanger lives never.;«با ایده‌ها آزادانه مخالفت کن. به اشخاص هرگز حمله نکن. جان هیچ‌کس را هرگز به خطر نینداز.»;بە ئازادانە دژایەتیی بیرۆکەکان بکە. هەرگیز هێرش مەکە سەر کەسەکان. هەرگیز ژیانی کەس مەخە مەترسییەوە;«اختلف مع الأفكار بحرية. لا تهاجم الأشخاص أبداً. لا تعرّض حياة أحد للخطر أبداً.»;«گۏں ھیالاں آزاتانہ ناتپاک بئیت. مردماں ھرگز مَجن اِت. ھیچ کس ءِ زند ءَ ھرگز خطرہ ءَ مَگور اِت.»;«فیکیرلرله آزادجاسینا موخالیفت ائت. شخصلره هئچ واخت هجوم ائتمه. هئچ کیمین جانینی هئچ واخت تهلوکه‌یه آتما.»
quote_attribution;— DIFC Founding Principle;— اصل بنیادین کنگره;— بنچینەی دامەزراوەی کۆنگرە;— المبدأ التأسيسي للمؤتمر;— کانگرس ءِ بنگیجی رھبند;— کونقره‌نین تمل پرینسیپی
about_is_heading;What This Congress Is?;این کنگره چیست؟;ئەم کۆنگرەیە چییە؟;ما هو هذا المؤتمر؟;اے کانگرس چے اِنت؟;بو کونقره ندیر؟
about_is_1;A digital space for structured, productive political engagement;بستری دیجیتال برای مشارکت سیاسی سازمان‌دهی‌شده و مولد;بەستێنێکی دیجیتاڵی بۆ بەشداریی سیاسیی ڕێکخراو و بەرهەمدار;فضاء رقمي للمشاركة السياسية المنظمة والمنتِجة;یک ڈیجیٹالی جاگھه پمّا رݔکبند ءُ سۏبمَندݔں سیاسی پدگیری ءَ;تشکیلاتلی و نتیجه‌ور سیاسی ایشتیراک اوچون دیجیتال فضا
about_is_2;A permanent weekend rhythm producing concrete outputs;ریتم دائمی آخر هفته‌ای با خروجی‌های مشخص;ڕیتمێکی هەمیشەییی کۆتایی هەفتەیە کە ئاکامی کۆنکرێتی لێ دەکەوێتەوە;إيقاع دائم لنهاية الأسبوع بمخرجات محددة;یک مدامیݔں ھپتگ-آخری ریتمے گۏں پدّرݔں درآمداں;کونکرت نتیجه‌لری اولان داواملی هفته‌سونو ریتمی
about_is_3;Open to all Iranians who oppose the Islamic Republic regime;باز برای همه‌ی ایرانیانی که مخالف رژیم جمهوری اسلامی هستند;کراوەیە بۆ هەموو ئەو ئێرانییانەی دژی ڕژێمی کۆماری ئیسلامین;مفتوح لجميع الإيرانيين المعارضين لنظام الجمهورية الإسلامية;پچ اِنت تیوگݔں ایرانیانی واستہ کہ دژمن اَنت گۏں اسلامی جمھوری رژیم ءَ;ایسلام جومهوریتی رئژیمینه موخالیف اولان بوتون ایرانلیلارا آچیقدیر
about_is_4;Pluralist: all ethnicities, nations, languages, genders, political orientations welcome;کثرت‌گرا: همه‌ی قومیت‌ها، ملت‌ها، زبان‌ها، جنسیت‌ها و گرایش‌های سیاسی خوش‌آمدند;فرەدەنگە: هەموو نەتەوە، ئێتنیک، زمان، ڕەگەز و ئاراستە سیاسییەکان بەخێرهاتنیان لێ دەکرێت.;تعددي: جميع الإثنيات والقوميات والأجناس واللغات والتوجهات السياسية مرحب بها;پلوٗرالݔسٹ: دراھݔں کئوم، راج، زبان، جنس ءُ سیاسی رھبنداں وژآتک اِنت;کثرت‌گرا (پلورالیست): بوتون ائتنیکلر، میللتلر، دیللر، جینسلر و سیاسی ایستیقامتلر خوش گلیبلر
about_is_5;A testing ground for democratic tools and practices;آزمایشگاه ابزارها و شیوه‌های دموکراتیک;تاقیگەیەکە بۆ ئامراز و پراکتیکە دیموکراتیکەکان;مختبر لأدوات وممارسات ديمقراطية;دݔموکراسی ءِ آزارمانجاہ ءُ رھبند;دئموکراتیک آلتلر و پراکتیکالارین سیناق لابوراتوریاسی
about_is_6;Transparent: livestreamed, documented, archived;شفاف: پخش زنده، مستندسازی، آرشیو;شەفافییەت: ڕاستەوخۆ دەگوازرێتەوە و ئەرشیڤ و بەداکیۆمێنت دەکرێت.;شفاف: بث مباشر، توثيق، أرشفة;شپاک: زندگݔں شنگ، پد ءُ رند، آرشیو;شفاف: جانلی یاییم، سندلشدیرمه، آرشیو
about_isnot_heading;What This Congress Is Not?;این کنگره چه نیست؟;ئەم کۆنگرەیە چی نییە؟;ما لا يمثله هذا المؤتمر؟;اے کانگرس چے نہ اِنت؟;بو کونقره نه دئییل؟
about_isnot_1;Not a governing body or parliament-in-exile;نه یک نهاد حکومتی یا پارلمان در تبعید;دەستەیەکی حکومڕان یان پەرلەمانی لە تەبعید نییە;ليس هيئة حاكمة أو برلمان في المنفى;نہ یک واکدارݔں ادارھے یا درآمداں نندۏکݔں پارلیمانے;حاکیمیت اورقانی و یا موهاجیرتده‌کی پارلامئنت دئییل
about_isnot_2;Not a leadership election or personality showcase;نه انتخابات رهبری یا نمایش شخصیت‌ها;هەڵبژاردنی ڕێبەرایەتی یان نمایشی کەسایەتییەکان نییە;ليس انتخاب قيادة أو عرض شخصيات;نہ رھشونی ءِ گچݔنکاری ءُ نہ کہ شخصیاتانی درشان;لیدئرلیک سئچکیسی و یا شخصیت نوماییشی دئییل
about_isnot_3;Not owned by any single organization or political faction;نه متعلق به هیچ سازمان یا جناح سیاسی خاص;موڵکی هیچ ڕێکخراو یان لایەنێکی سیاسیی دیاریکراو نییە;ليس ملكاً لأي منظمة أو فصيل سياسي واحد;نہ ھیچ گل یا سیاسی ٹکْر ءِ واھندی;هئچ بیر تشکیلات و یا سیاسی جیناها مخصوص دئییل
about_isnot_4;Not a replacement for other initiatives — complementary to all;نه جایگزین سایر ابتکارات — مکمل همه;جێگرەوەی دەستپێشخەرییەکانی تر نییە و تەواوکەری هەموویانە;ليس بديلاً عن مبادرات أخرى — مكمل للجميع;نہ دگہ گامگیجانی بدل — دراھݔں گامگیجانی پورو کنۏک;باشقا تشببوسلرین یئرینی توتمور — هامی‌سینی تاماملاییر
about_isnot_5;Not a space for regime apologists;نه فضایی برای توجیه‌گران رژیم;شوێنێک نییە بۆ لایەنگرانی ڕژێم;ليس فضاءً لمبرري النظام;نہ رژیم ءِ دِلدار ءُ پاساوجارانی جاگہ;رئژیمه حاق قازاندیرانلار اوچون فضا دئییل
about_isnot_6;Not a debate club — outputs and commitments expected;نه باشگاه مناظره — خروجی و تعهد مورد انتظار است;یانەی گفتوگۆ نییە و چاوەڕوانی ئاکام و پابەندبوون دەکرێت;ليس نادي نقاش — مخرجات والتزامات متوقعة;نہ گپ ءُ تران ءِ کلۏب — درآر ءُ پابندی لوٹگ بنت;موباحیثه کلوبو دئییل — نتیجه‌لر و عؤهده‌لیکلر گؤزله‌نیلیر
wg_label;9 Parallel Tracks;۹ مسیر موازی;۹ تەوەرەی هاوتەریب;٩ مسارات متوازية;۹ ھمگرنچݔں رھسر;۹ پارالئل خطلر
wg_heading;Working Groups;کارگروه‌ها;گرووپە کارەکان;مجموعات العمل;کار ءِ گرۏپاں;ایشچی قروپلاری
wg_intro;Each group runs in its own channel with elected facilitators, producing weekly outputs.;هر کارگروه در کانال خود با تسهیل‌گران منتخب فعالیت می‌کند و هفتگی خروجی تولید می‌کند.;هەر کارگرووپێک لە کەناڵی تایبەتی خۆیدا بە ئاسانکارانی هەڵبژێردراو کار دەکات و هەفتانە دەرئەنجام بەرهەم دەهێنێت.;تعمل كل مجموعة في قناتها الخاصة مع مُيسّرين منتخبين، وتنتج مخرجات أسبوعية.;ھر گرۏپ وتی چینل ءِ تہا گۏں گچݔن بوتگݔں آساں‌کاراں کار کنت ءُ ھپتگانه درآر جۏڑ کنت.;هر قروپ اؤز کانالیندا سئچیلمیش فاسیلیتاتورلارلا ایشله‌ییر و هفته‌لیک نتیجه یارادیر.
wg1_name;Diplomatic Representation;نمایندگی دیپلماتیک;نوێنەرایەتیی دیپلۆماتیک;التمثيل الدبلوماسي;ڈݔپلۏماسی ءِ نماندگی;دیپلوماتیک نوماینده‌لیک
wg1_desc;Form credible, plural representative groups for Iran's diplomatic issues on the world stage.;تشکیل گروه‌های نمایندگی معتبر و متکثر برای مسائل دیپلماتیک ایران در صحنه جهانی.;پێکهێنانی گرووپی جێی متمانە بۆ پرسە دیپلۆماسییەکانی ئێران لە ئاستی جیهان;تشكيل مجموعات تمثيلية موثوقة ومتعددة لقضايا إيران الدبلوماسية على المسرح العالمي.;معتبر ءُ کثیر اݔں نماندگی ءِ گرۏپانی جۏڑ کنگ پمّا ایران ءِ ڈݔپلۏماسی ءِ گپاں جھانی پڑ ءَ.;ایرانین دیپلوماتیک مسأله‌لری اوچون دونیا صحنه‌سینده اعتیبارلی و چوخ‌سسلی نوماینده قروپلاری یارادین.
wg2_name;Public Participation Tools;ابزارهای مشارکت مردمی;ئامرازەکانی بەشداری گشتی;أدوات المشاركة العامة;راجی پدگیری ءِ ھاژہ (ابزاراں);ایجتیماعی ایشتیراک آلتلری
wg2_desc;Test and deploy tools for broad civic participation — Taraaz consensus mapping, referendums, mobilization.;آزمایش و استقرار ابزارهای مشارکت گسترده‌ی مدنی — نقشه‌برداری اجماع ترازش، رفراندوم‌ها، بسیج.;تاقیکردنەوە و بەکارخستنی ئامرازەکان بۆ بەشداری مەدەنی فراوان — نەخشەکێشانی هاوڕایی ترازش، ڕیفراندۆم، خەباتبوون.;اختبار ونشر أدوات المشاركة المدنية الواسعة — خرائط توافق ترازش، استفتاءات، تعبئة.;شھری پدگیری ءِ پراہ ءُ شاھگانݔں ھاژھانی ٹݔسٹ ءُ جاری کنگ — ترازش ءِ ھم‌رݔدݔں نقشہ‌کشی، رݔفرنڈم، یکجائی.;گئنیش وطنداش ایشتیراکی آلتلرینی سیناماق و تطبیق ائتمک — ترازش کونسئنسوس خریطه‌سی، رئفئرئندوملار، سفربرلیک.
wg3_name;Financial Participation & DeFi;مشارکت مالی;بەشداری دارایی و DeFi;المشاركة المالية و DeFi;مالی پدگیری ءُ دیپھائی (DeFi);مالی ایشتیراک و DeFi
wg4_name;Secure Network Building;شبکه‌سازی امن;دروستکردنی تۆڕی پارێزراو;بناء شبكات آمنة;سلامتݔں نݔٹورک‌سازی;تهلوکه‌سیز شبکه‌لشمه
wg5_name;Innovation & Ideas;ایده‌پردازی;داهێنان و بیرۆکە;الابتكار والأفكار;نۏک‌آوری ءُ ھیال;اینوواسییا و ایده یاراتما
wg6_name;Political Participation Space;فضای مشارکت سیاسی;بۆشایی بەشداری سیاسی;فضاء المشاركة السياسية;سیاسی پدگیری ءِ جاگہ;سیاسی ایشتیراک فضاسی
wg7_name;Mediation & Conflict Resolution;حل اختلاف;ناوبژیوانی و چارەسەری ناکۆکی;الوساطة وحل النزاعات;نݔمگی‌گری ءُ جݔڑہ‌ھانی گݔش‌وگوار;واسیطه‌چیلیک و موناخیشه‌لرین حللی
wg8_name;Digital Programs;دولت دیجیتال / دفاع مدنی / آموزش;بەرنامە دیجیتاڵییەکان;الحكومة الرقمية / الدفاع المدني / التعليم;ڈیجیٹالی پروگراماں;دیجیتال دؤولت / مۆلکی مودافیعه / تحصیل
wg9_name;Ecology;اکولوژی;ژینگه;الإيكولوجيا;ایکولۏجی (چاگرد);ائکولوژیا (ژینگه)
wg9_desc;From water crises and climate change to pollution and biodiversity — a space for synergizing ideas and practical solutions.;از بحران آب و تغییرات اقلیمی تا آلودگی و تنوع زیستی، اینجا بستری برای هم‌افزایی ایده‌ها و راهکارهای عملی است.;لە قەیرانی ئاو و گۆڕانی کەش‌وهەواوە بگرە تا پرسی پیسبوونی ژینگە و تێکچوونی هاوسەنگیی سروشت — سەکۆیەک بۆ یەکخستنی دیدگاکان و دۆزینەوەی چارەسەری بنەڕەتی.;من أزمة المياه وتغيّر المناخ إلى التلوث والتنوع البيولوجي — فضاء لتضافر الأفكار والحلول العملية.;چہ آپ ءِ نادراھی ءُ آب‌ءُ‌ھوا ءِ مٹ ءُ بدلی بگر تاں آلودگی ءُ زندمانی گۏناگۏنی — ھیالاں ءُ کرداری راھشونانی ھم‌گرنچی ءِ یک بسترے.;سو بؤحرانلاری و ایقلیم دییشیکلیگیندن توتموش چیرکلنمه و بیولوژی موختلیفلییه قدر — فیکیرلرین و پراتیک حللرین سینئرژی فضاسی.
rhythm_label;Every Weekend, Without End;هر آخر هفته، بدون پایان;هەموو کۆتایی هەفتەیەک، بەبێ کۆتایی;كل نهاية أسبوع، بلا نهاية;ھر ھپتگ ءِ آخرا، بے سرھد;هر هفته‌سونو، سونسوز
rhythm_heading;The Weekly Rhythm;ریتم هفتگی;ڕیتمی هەفتانە;الإيقاع الأسبوعي;ھپتگ ءِ ریتم;هفته‌لیک ریتم
rhythm_intro;Not a one-off congress. A permanent cadence of deliberation, decision, and action.;نه یک کنگره‌ی یکباره. یک آهنگ دائمی از گفتگو، تصمیم‌گیری و اقدام.;نەک کۆنگرەیەکی تاک. ڕیتمێکی هەمیشەیی لە گفتوگۆ، بڕیاردان و کردەوە.;ليس مؤتمراً لمرة واحدة. إيقاع دائم من التشاور والقرار والعمل.;نہ یک واریݔں کانگرسے۔ گپ ءُ تران، پݔسلہ ءُ کار ءِ یک مدامیݔں ریتمے۔;بیر دفعه‌لیک کونقره دئییل. مصلحتلشمه، قرار و عملین دایمی ریتمی.
day_saturday;Saturday;شنبه;شەممە;السبت;شمبے;شنبه
day_sunday;Sunday;یکشنبه;یەکشەممە;الأحد;یکشمبے;بازار گونو (یئکشنبه)
day_weekdays;Weekdays;روزهای هفته;ڕۆژانی هەفتە;أيام الأسبوع;ھپتگ ءِ رۏچاں;هفته ایچی گونلر
governance_label;Accountability by Design;پاسخگویی نهادینه درطراحی ساختار ;بەرپرسیارێتیی دامەزراو لە دیزاینی ڕێکخستن;المُساءلة المؤسسية في تصميم الهيكل;دْروشُم ءِ ڈݔزائن ءِ تہا ادارگی جۏاب‌دھی;ایستروکتورون دیزاینین‌ده نهادی جاوابده‌لیک
governance_heading;Governance Structure;ساختار حکمرانی;ڕێکخستنی بەڕێوەبردن;هيكل الحوكمة;واکداری ءِ دْروشُم;ایداره‌ائتمه ایستروکتورو
governance_intro;Every body is checked by the body above it. Everyone is ultimately accountable to the General Assembly.;هر نهاد توسط نهاد بالاتر بررسی می‌شود. همه در نهایت پاسخگوی مجمع عمومی هستند.;هەر دامەزراوەیەک لەلایەن دامەزراوەی سەرەوەوە چاودێری دەکرێت. هەمووان لە کۆتاییدا بەرپرسن لە بەرامبەر کۆبوونەوەی گشتی.;كل هيئة تخضع لرقابة الهيئة التي فوقها. الجميع مسؤول في النهاية أمام الجمعية العامة.;ھر ادارگ چہ وتی برزی ادارگ ءَ چار ءُ ٹپاس بیت. دراھݔں مردم گڈسرا چمّانکی مجلس ءِ دݔما جۏاب‌دہ اَنت.;هر بیر قوروم اؤزوندن اوستده‌کی قوروم طرفیندن نظارت اولونور. هامی یئکوندا باش مجلیسه جاوابده‌دیر.
gov_ga;General Assembly;مجمع عمومی;کۆبوونەوەی گشتی;الجمعية العامة;چمّانکی مجلس / عامݔں دیوان;باش مجلس (عمومی مجلس)
gov_cc;Coordination Council;شورای هماهنگی;ئەنجوومەنی هاوئاهەنگی;مجلس التنسيق;ھمگرنچی ءِ شۏرا;کووردیناسیا شوراسی
gov_wg;Working Groups;کارگروه‌ها;گرووپە کارەکان;مجموعات العمل;کار ءِ گرۏپاں;ایشچی قروپلاری
gov_watchdog;Accountability Watchdog;ناظر پاسخگویی;چاودێری بەرپرسیارێتی;هيئة الرقابة والمُساءلة;جۏاب‌دھی ءِ چارگݔر (ناظر);جاوابده‌لیک ناظیری
gov_tag_sovereign;Sovereign Body;نهاد حاکمیتی;دامەزراوەی هاکم;الهيئة السيادية;واکدارݔں ادارگ;سوورن قوروم
redlines_label;Boundaries;حد و مرزها;حد و سنوورەکان;الحدود;حد ءُ مرزاں;حد و سرحدلر
redlines_heading;Red Lines;خطوط قرمز;هێڵی سوور;خطوط حمراء;سُھرݔں لکݔر;قیرمیزی خطلر
redlines_intro;The congress is radically open to ideas — but has absolute boundaries on behavior.;این کنگره نسبت به ایده‌ها کاملاً باز است — اما در رفتار،  مرزهای مطلق دارد.;ئەم کۆنگرەیە بە شێوەیەکی تەواو کراوەیە بۆ بیرۆکەکان — بەڵام لە ڕەفتاردا سنووری ڕەهای هەیە.;هذا المؤتمر منفتح بالكامل على الأفكار — لكنه يضع حدوداً مطلقة للسلوك.;اے کانگرس ھیالانی دݔما سَرجم ءَ پچ اِنت — بلے رپتار ءِ سر ءَ سکّݔں حد ءُ مرز پر اِنت.;بو کونقره فیکیرلره کامل آچیقدیر — آمما داورانیشدا قطعی حد و سرحدلر وار.
redline_1;Support for the Islamic Republic regime;حمایت از رژیم جمهوری اسلامی;پشتیوانی لە ڕژێمی کۆماری ئیسلامی;دعم نظام الجمهورية الإسلامية;اسلامی جمھوری رژیم ءِ پُشتیوانی;ایسلام جومهوریتی رئژیمینی دستکلمک
redline_2;Advocacy for theocratic governance;تبلیغ حکومت دینی;پاراستنی حکومەتی مەزهەبی;الدعوة لحكومة ثيوقراطية;دینی سرکار ءِ جار ءُ تبلیغ;تئئوکراتیک (دینی) ایداره‌ائتمه‌نین تبلیغی
redline_3;Doxxing or exposing identities of activists;افشای هویت فعالان;ئاشکراکردنی ناسنامەی چالاکوانان;كشف أو نشر هويات الناشطين;چالاکوانانی پجّار ءُ پدّر کنگ (Doxxing);آکتیویستلرین کیملیکلرینی ایفشا ائتمک (داکسینق)
redline_4;Hate speech targeting ethnic, religious, or gender groups;نفرت‌پراکنی علیه گروه‌های قومی و ملی، مذهبی یا جنسیتی;وتەی ڕقی دژی گرووپی نەتەوەیی، ئایینی یا ڕەگەزی;خطاب كراهية ضد مجموعات عرقية أو دينية أو جنسية;کئومی، دینی یا جنسی گرۏپانی ھلاپ ءَ کینگی گپ ءُ تران;ائتنیک، دینی و یا جینسیت قروپلارینی هدف آلان نیفرت نیتقی
redline_5;Harassment, threats, intimidation;آزار، تهدید، ارعاب;ئازار، هەڕەشە، ترساندن;مضايقة، تهديد، ترهيب;آزار دیگ، تُرسݔنگ، زوراکی;ایزدیهام، تهدید، قورخوتما
welcome_heading;Explicitly Welcome;صراحتاً مجاز;بە ئاشکرا بەخێرهاتوو;مرحب به صراحة;پدّر ءُ پاشک وژآتک اِنت;آچیق شکیلده ایجازه وئریلیر
join_label;Get Involved;مشارکت کنید;بەشداربوون;شارك;ھوار بئیت / پدگیری بکن اِت;ایشتیراک ائدین
join_heading;Join the Congress;به کنگره بپیوندید;بەشداربە لە کۆنگرەدا;انضم إلى المؤتمر;کانگرس ءَ گۏں بئیت;کونقره‌یه قوشولون
join_intro;Accept the code of conduct, join the workspace, and start contributing this weekend.;آیین‌نامه رفتاری را بپذیرید، نقش خود را انتخاب کنید، و همین آخر هفته شروع به مشارکت کنید.;کۆدی ڕەفتار بپەسێنە، ڕۆڵی خۆت هەڵبژێرە و لەم کۆتایی هەفتەیەوە دەست بە بەشداری بکە.;اقبل مدونة السلوك، واختر دورك، وابدأ بالمساهمة هذا الأسبوع.;رپتاری رھبنداں منّ اِت، وتی رۏل ءَ گچݔن بکن اِت، ءُ ھمے ھپتگ ءِ آخرا پدگیری ءَ بندات بکن اِت.;داورانیش قایدالارینی قبول ائدین، اؤز رولونوزو سئچین و بو هفته‌سونو ایشتیراکا باشلایین.
tier_observer;Observer;ناظر;چاودێر;مراقب;چارگݔر;Gözlemci
tier_participant;Contributor;مشارکت‌کننده;بەشداربوو;مشارك;پدگیرۏک;Katılımcı
tier_verified;Organiser;سازمان‌دهنده;ڕێکخەر;منظم;سازمان‌ده‌ئوک;Organizatör
partners_label;Coalition;ائتلاف;هاوپەیمانی;تحالف;اِتّھاد;کوالیسیا
partners_heading;Partners & Ecosystem;همکاران و اکوسیستم;هاوبەشان و ئیکۆسیستم;الشركاء والنظام البيئي;ھمکار ءُ ایکۏسسٹم;طرفداشلار و ائکوسیستئم
tech_heading;Technology Stack;زیرساخت فناوری;ستاکی تەکنەلۆژی;المكدس التقني;ٹݔکنالۏجی ءِ بنگیج;تکنولوژی آلت‌یاپیسی
roadmap_label;The Path Forward;مسیر پیش رو;ڕێگای پێشەوە;الطريق إلى الأمام;دݔمتر ءِ رھسر;ایره‌لی‌یه دوغرو یول
roadmap_heading;Roadmap;نقشه‌ی راه;نەخشەڕێ;خارطة الطريق;رھسر ءِ نقشہ;یول خریطه‌سی
phase_0;Phase 0: Foundation (Now);فاز ۰: بنیاد (اکنون);قۆناغی ٠: بنەما (ئێستا);المرحلة ٠: التأسيس (الآن);پاز ۰: بنگیج (نݔں);فاز ۰: بونؤوره (ایندی)
phase_1;Phase 1: Launch Sprint (48 Hours);فاز ۱: برنامه آغازین (۴۸ ساعت);قۆناغی ١: بەرنامەی دەستپێک (٤٨ کاتژمێر);المرحلة ١: برنامج الإطلاق (٤٨ ساعة);پاز ۱: بنگیجی پروگرام (۴۸ کلاک);فاز ۱: باشلانغیج برناماسی (۴۸ ساعات)
phase_2;Phase 2: Scale (Months 1–6);فاز ۲: مقیاس‌بندی (ماه‌های ۱–۶);قۆناغی ٢: گەورەبوون (مانگی ١–٦);المرحلة ٢: التوسع (الأشهر ١–٦);پاز ۲: پِراخ بئیگ (ماھانی ۱–۶);فاز ۲: گئنیشلنمه (آیلار ۱–۶)
phase_3;Phase 3: Institutionalize (Year 2+);فاز ۳: نهادسازی (سال ۲+);قۆناغی ٣: دامەزراندن (ساڵی ٢+);المرحلة ٣: المأسسة (السنة ٢+);پاز ۳: ادارگ‌سازی (سال ۲+);فاز ۳: موسسه‌لشمه (ایل ۲+)
footer_congress;Congress;کنگره;کۆنگرە;المؤتمر;کانگرس;کونقره
footer_participate;Participate;مشارکت;بەشداری;شارك;پدگیری;ایشتیراک
footer_ecosystem;Ecosystem;اکوسیستم;ژینگه;النظام البيئي;ایکۏسسٹم;ائکوسیستئم
footer_languages;Languages;زبان‌ها;زمانەکان;اللغات;زباناں;دیللر
copyright;© 2026 Digital Iran Freedom Congress. Open source. Censorship resistant.;© ۲۰۲۶ کنگره‌ی دیجیتال آزادی ایران. منبع‌باز و درتقابل با سانسور.;© ٢٠٢٦ کۆنگرەی دیجیتاڵیی ئازادیی ئێران. سەرچاوەکراو و دژ بە سانسۆر.;© ٢٠٢٦ المؤتمر الرقمي لحرية إيران. مفتوح المصدر ومناهض للرقابة.;© ۲۰۲۶ ایران ءِ آزاتی ءِ ڈیجیٹالی کانگرس. پچݔں سرچمگ ءُ سانسور ءِ ھلاپ.;© ۲۰۲۶ ایرانین دیجیتال آزادلیق کونقره‌سی. آچیق قایناق و سانسورا قارشی.
x_skip_to_content;Skip to content;رفتن به محتوا;بچۆ بۆ ناوەڕۆک;انتقل إلى المحتوى;محتوا ءَ بروئیت;مضمونا کئچ
x_share_your_expectations;Share Your Expectations;انتظارات خود را بنویسید;چاوەڕوانیەکانت بنووسە;شارك توقعاتك;وتی چاریگاں بہ‌نویس اِت;گؤزلنتیلرینیزی پایلاشین
x_wg1;WG1 · Diplomatic Representation;کارگروه ۱ · نمایندگی دیپلماتیک;گرووپی کار ١ · نوێنەرایەتیی دیپلۆماتیک;مجموعة ١ · التمثيل الدبلوماسي;کار ءِ گرۏپ ۱ · ڈݔپلۏماسی ءِ نماندگی;ایشچی قروپ ۱ · دیپلوماتیک نوماینده‌لیک
x_wg2;WG2 · Public Participation Tools;کارگروه ۲ · ابزارهای مشارکت مردمی;گرووپی کار ٢ · ئامرازەکانی بەشداری گشتی;مجموعة ٢ · أدوات المشاركة العامة;کار ءِ گرۏپ ۲ · راجی پدگیری ءِ ھاژہ (ابزاراں);ایشچی قروپ ۲ · ایجتیماعی ایشتیراک آلتلری
x_secure_decentralized_financial_mechanisms_sanction;Secure, decentralized financial mechanisms — sanctions-compliant, transparent, participatory budgeting.;مکانیزم‌های مالی امن و غیرمتمرکز — سازگار با تحریم‌ها، شفاف، بودجه‌ریزی مشارکتی.;مێکانیزمی دارایی پارێزراو و نامەرکەزی — هاوئاهەنگ لەگەڵ چەسپاندنەکان، ڕوون، بودجەبەندی بەشدارانە.;آليات مالية آمنة ولامركزية — متوافقة مع العقوبات، شفافة، موازنة تشاركية.;سلامت ءُ ناتمرکزݔں مالی مکانیزم — تحریمانی ھمگرنچ، شپاک، پدگیری ءِ بوُجہ‌بندی.;تهلوکه‌سیز، دئسئنترالیزه مالیه مکانیزملری — سانکسییالارا اویغون، شفاف، ایشتیراکچی بودجه‌لشدیرمه.
x_wg3;WG3 · Financial Participation & DeFi;کارگروه ۳ · مشارکت مالی;گرووپی کار ٣ · بەشداری دارایی و DeFi;مجموعة ٣ · المشاركة المالية و DeFi;کار ءِ گرۏپ ۳ · مالی پدگیری ءُ دیپھائی (DeFi);ایشچی قروپ ۳ · مالی ایشتیراک و DeFi
x_connect_activists_safely_expand_the_opposition_net;Connect activists safely, expand the opposition network, operational security training and resources.;ارتباط امن کنش‌گران، توسعه‌ی شبکه‌ی اپوزیسیون، آموزش و منابع امنیت عملیاتی.;پەیوەندیی پارێزراوی چالاکوانان، فراوانکردنی تۆڕی ئۆپۆزسیۆن، ڕاهێنان و سەرچاوەکانی پاراستنی کاری.;ربط الناشطين بأمان، وتوسيع شبكة المعارضة، وتوفير التدريب والموارد في الأمن التشغيلي.;چالاکوانانی سلامتݔں ھمگرنچ، اپۏزیسیۏن ءِ نݔٹورک ءِ پراہ کنگ، ءُ کرداری سلامتی ءِ تالیم ءُ سرچمگاں.;آکتیویستلری تهلوکه‌سیز بیرلشدیرمک، موخالیفت شبکه‌سینی گئنیشلندیرمک، عملیاتی تهلوکه‌سیزلیک تعلیمی و قایناقلاری.
x_wg4;WG4 · Secure Network Building;کارگروه ۴ · شبکه‌سازی امن;گرووپی کار ٤ · دروستکردنی تۆڕی پارێزراو;مجموعة ٤ · بناء شبكات آمنة;کار ءِ گرۏپ ۴ · سلامتݔں نݔٹورک‌سازی;ایشچی قروپ ۴ · تهلوکه‌سیز شبکه‌لشمه
x_open_pipeline_for_attracting_evaluating_and_deploy;Open pipeline for attracting, evaluating, and deploying new ideas from anyone, anywhere.;بستر‌ی ارتباطی باز برای جذب، ارزیابی و به‌کارگیری ایده‌های نوین از هر کسی، هر کجا.;هێڵێکی کراوە بۆ ڕاکێشان، هەڵسەنگاندن و بەکارخستنی بیرۆکە نوێکان لە هەر کەسێک، لە هەر شوێنێک.;مسار مفتوح لاستقطاب وتقييم وتطبيق الأفكار الجديدة من أي شخص وفي أي مكان.;ھر کس ءُ ھر جاگہ ءَ چہ نۏکݔں ھیالانی کشگ، ٹپاسگ ءُ کارمرز کنگ ءِ پچݔں رھسر.;هر کَسدن، هر یئردن یئنی فیکیرلری جذب، ده‌یرلندیرمه و تطبیق اوچون آچیق بستر.
x_wg5;WG5 · Innovation & Ideas;کارگروه ۵ · ایده‌پردازی;گرووپی کار ٥ · داهێنان و بیرۆکە;مجموعة ٥ · الابتكار والأفكار;کار ءِ گرۏپ ۵ · نۏک‌آوری ءُ ھیال;ایشچی قروپ ۵ · اینوواسییا و ایده یاراتما
x_design_the_continuous_engagement_platform_governan;Design the continuous engagement platform — governance structure, participation cycles, accountability.;طراحی پلتفرم مشارکت پیوسته. ساختار حکمرانی، چرخه‌های مشارکت، پاسخگویی نهادینه.;دیزاینی پلاتفۆرمی بەشداریی بەردەوام — ڕێکخستنی بەڕێوەبردن، خولەکانی بەشداری، بەرپرسیارێتیی دامەزراو.;تصميم منصة المشاركة المستمرة — هيكل الحوكمة، ودورات المشاركة، والمساءلة المؤسسية.;مدامیݔں پدگیری ءِ پلتپۏرم ءِ ڈݔزائن — سررشتگی ءِ دْروشُم، پدگیری ءِ خۏل، ءُ ادارگی جۏاب‌دھی.;داواملی ایشتیراک پلاتفورمونون دیزاینی — ایداره‌ائتمه ایستروکتورو، ایشتیراک دؤورلری، نهادی جاوابده‌لیک.
x_wg6;WG6 · Political Participation Space;کارگروه ۶ · فضای مشارکت سیاسی;گرووپی کار ٦ · بۆشایی بەشداری سیاسی;مجموعة ٦ · فضاء المشاركة السياسية;کار ءِ گرۏپ ۶ · سیاسی پدگیری ءِ جاگہ;ایشچی قروپ ۶ · سیاسی ایشتیراک فضاسی
x_professional_mediation_for_iran_s_damaged_politica;Professional mediation for Iran's damaged political space — protocols, trained mediators, trust repair.;میانجی‌گری حرفه‌ای برای فضای سیاسی آسیب‌دیده‌ی ایران: پروتکل‌ها، میانجی‌گران آموزش‌دیده، بازسازی اعتماد.;نێوبژیوانیی پیشەیی بۆ بۆشایی سیاسیی زیانلێدراوی ئێران: پڕۆتۆکۆڵەکان، نێوبژیوانانی ڕاهێنراو، نۆژەنکردنەوەی متمانە.;وساطة مهنية لحيّز إيران السياسي المتضرر: بروتوكولات، ووسطاء مدرّبون، وإعادة بناء الثقة.;ایران ءِ زیان‌رسیتگݔں سیاسی جاگہ ءِ واستہ پݔشہ‌کارݔں نݔمگی‌گری: پرۏتۏکۏل، تالیم‌دیتگݔں نݔمگی‌گر، ءُ متمان ءِ پدا جۏڑ کنگ.;ایرانین زیده‌لنمیش سیاسی فضاسی اوچون پئشه‌کار واسطه‌چیلیک: پروتوکوللار، تعلیم گؤرموش واسطه‌چیلر، اعتیمادین بەرپاسی.
x_wg7;WG7 · Mediation & Conflict Resolution;کارگروه ۷ · حل اختلاف;گرووپی کار ٧ · ناوبژیوانی و چارەسەری ناکۆکی;مجموعة ٧ · الوساطة وحل النزاعات;کار ءِ گرۏپ ۷ · نݔمگی‌گری ءُ جݔڑہ‌ھانی گݔش‌وگوار;ایشچی قروپ ۷ · واسیطه‌چیلیک و موناخیشه‌لرین حللی
x_digital_government_civil_defense_and_civic_educati;Digital government, civil defense, and civic education — concrete programs with volunteer teams.;دولت دیجیتال، دفاع مدنی و آموزش شهروندی — برنامه‌های مشخص با تیم‌های داوطلب.;حکوومەتی دیجیتاڵ، بەرگری شارستانی و خوێندنی هاوڵاتی — بەرنامەی دیار بە تیمی خۆبەخش.;حكومة رقمية، دفاع مدني، وتعليم مدني — برامج محددة بفرق متطوعة.;ڈیجیٹالی سرکار، شھری دپاہ، ءُ راجی تالیم — پکاݔں پروگرام گۏں رزا کارݔں ٹݔماں.;دیجیتال حؤکومت، مولکی مودافیعه و وطنداش تعلیمی — کؤنوللو کوماندا ایله کونکرئت پروقراملار.
x_wg8;WG8 · Digital Programs;کارگروه ۸ · دولت دیجیتال / دفاع مدنی / آموزش;گرووپی کار ٨ · بەرنامە دیجیتاڵییەکان;مجموعة ٨ · الحكومة الرقمية / الدفاع المدني / التعليم;کار ءِ گرۏپ ۸ · ڈیجیٹالی پروگراماں;ایشچی قروپ ۸ · دیجیتال دؤولت / مۆلکی مودافیعه / تحصیل
x_wg9;WG9 · Ecology;کارگروه ۹ · اکولوژی;گرووپی کار ٩ · ژینگه;مجموعة ٩ · الإيكولوجيا;کار ءِ گرۏپ ۹ · ایکولۏجی (چاگرد);ایشچی قروپ ۹ · ائکولوژیا (ژینگه)
x_20_30_22_30_irst;20:30–22:30 IRST;به وقت ایران;بە کاتی ئێران;بتوقيت إيران;به وقت ایران;به وقت ایران
x_20_30_22_30_irst_2;20:30–22:30 IRST;به وقت ایران;بە کاتی ئێران;بتوقيت إيران;به وقت ایران;به وقت ایران
x_async_on_channels_action_items_executed_documentation;Async on channels · Action items executed · Documentation updated · Preparation for next weekend;فعالیت غیرهمزمان در کارگروه‌ها · اجرای تکالیف · به‌روزرسانی مستندات · آماده‌سازی برای آخر هفته‌ی بعد;کاری ناهاوکات لە سلاک · جێبەجێکردنی ئەرکەکان · نوێکردنەوەی بەڵگەنامەکان · ئامادەبوون بۆ کۆتایی هەفتەی داهاتوو;عمل غير متزامن على سلاك · تنفيذ المهام · تحديث الوثائق · التحضير لنهاية الأسبوع القادم;سلاک ءِ سر ءَ ناھمزامن · کاراں کنگ بوت اَنت · دستاوݔز نۏک کنگ بوت اَنت · آتکݔں ھپتگ ءِ آخرا تیاری;ده آسینخرون ایش · تاپشیریقلارین ایجراسی · سندلرین یئنیلنمه‌سی · گلن هفته‌سونونا هازیرلیق
x_difc_call_to_action;— DIFC Call to Action;— فراخوان مشارکت در کنگره;— بانگەوازی بەشداریکردن لە کۆنگرە;— دعوة المؤتمر للعمل;— ڈی آئی ایپ سی (DIFC) کار ءِ لوٹ;— DIFC فاعلیته چاغیریش
x_all_verified_members_zkp_based_convenes_quarterly;All verified members (ZKP-based). Convenes quarterly at 18:00 CET (20:30 IRST) to include diaspora and Iran. Coordination Council members required to participate in 2 of 4 quarterly sessions to retain status.;تمام اعضای تایید شده (مبتنی بر ZKP) می توانند در گردهمایی فصلی شورای هماهنگی شرکت کنند. حضور اعضا در ۲ از ۴ جلسه فصلی برای حفظ حق عضویت الزامیست. زمان شروع گردهمایی فصلی راس ساعت ۱۸:۰۰ به وقت اروپای مرکزی به منظورفراهم کردن امکان مشارکت همزمان اعضای دیاسپورا و ایران در نظرگرفته شده است. ;هەموو ئەندامانی پشتڕاستکراو (لەسەر بنەمای ZKP). بۆ گونجاندنی دیاسپۆرا و ناوخۆی ئێران، کۆبوونەوەی وەرزی لە ١٨:٠٠ CET (٢٠:٣٠ IRST) دەکرێت. بۆ پاراستنی مافی ئەندامێتی، پێویستە ئەندامانی ئەنجوومەنی هاوئاهەنگی لە ٢ لە ٤ دانیشتنی وەرزی بەشداربن.;جميع الأعضاء المُتحقق منهم (بناءً على ZKP). تُعقد الجلسة الفصلية عند ١٨:٠٠ CET (٢٠:٣٠ IRST) لضمان إشراك الشتات وداخل إيران. وللاحتفاظ بالصفة، يُشترط على أعضاء مجلس التنسيق المشاركة في ٢ من أصل ٤ جلسات فصلية.;دراھݔں پکاݔں بھردار (ZKP ءِ سر ءَ). دیاسپۏرا ءُ ایران ءِ تہا مردمانی ھوار کنگ ءِ واستہ، چارماھی دیوان ۱۸:۰۰ CET (۲۰:۳۰ IRST) ءَ بندوبست بنت. مافی بھرداری ءِ رکݔنگ ءِ واستہ، ھمگرنچی ءِ شۏرا ءِ بھرداراں ءَ ۴ چارماھی دیواناں چہ ۲ دیوان ءَ ھوار بئیگ زروٗری اِنت.;بوتون تصدیقلنمیش اوزولر (ZKP اساسلی). دیاسپورا و ایران داخیلینده‌کی ایشتیراکی تأمین ائتمک اوچون فصلی توپلانتی ۱۸:۰۰ CET (۲۰:۳۰ IRST) وقتینده کئچیریلیر. عضولوق وضعیتی‌نی ساخلاماق اوچون، کووردیناسیا شوراسی اوزولری ۴ فصلی جلسه‌دن اِن آز ۲‌سینه قاتیلماق مجبوریتینه صاحیبدیر.
x_15_21_elected_members_6_month_staggered_terms_max;15–21 elected members. 6-month staggered terms, max 2 consecutive. Elected via Ranked Pairs. Monthly public reports. Diversity requirements enforced. ;۱۵–۲۱ عضو منتخب. دوره‌های ۶ ماهه‌ی تناوبی با حداکثر ۲ دوره‌ی متوالی. انتخاب با رای‌گیری رتبه‌بندی‌شده. انتشار ماهانه گزارش کارها. فرهنگ دگردوستی و مسئولیت‌پذیری.;١٥–٢١ ئەندامی هەڵبژێردراو. خولی نۆرەیی ٦ مانگ، زۆرینە ٢ خولی یەکلاپشتەوە. هەڵبژاردن بە دەنگدانی ڕیزبەندیکراو. ڕاپۆرتی گشتیی مانگانە. کولتووری فرەیی و بەرپرسیارێتی جێبەجێ دەکرێت.;١٥–٢١ عضواً منتخباً. فترات متناوبة مدتها ٦ أشهر، بحد أقصى فترتان متتاليتان. الانتخاب عبر التصويت الترتيبي. تقارير عامة شهرية. ترسيخ ثقافة التنوع والمسؤولية.;۱۵–۲۱ گچݔن بوتگݔں بھردار. ۶ ماھی نۏبتی دْروشُم، گݔشترݔں ۲ بر ءَ آتکگݔں. درجہ‌بندی بوتگݔں جوڑیانی (Ranked Pairs) رھسرا گچݔن بنت. ماھانہ عامݔں راپۏرٹاں. چشݔدلیک ءُ جۏاب‌دھی ءِ کلتور مھکم بنت.;۱۵–۲۱ سئچیلمیش اوزو. ۶ آیلیق نؤبه‌لی دؤوره‌لر، ماکسیموم ۲ آردیجیل دؤور. سیرالامالی سس‌وئرمه ایله سئچیلیر. آیلیق ایجتیماعی راپورتلار. موختلیف‌لیک و جاوابده‌لیک مدنیه‌تی تطبیق اولونور.
x_self_organizing_open_membership_facilitators_elect;Self-organizing, open membership. Facilitators elected for 3-month terms by WG members. Weekly output reports. Any member can escalate to CC.;خودسازمان‌ده، عضویت آزاد. تسهیل‌گران با دوره‌های ۳ ماهه توسط اعضای کارگروه انتخاب می‌شوند. گزارش خروجی هفتگی. هر عضوی می‌تواند مسائل را به شورا ارجاع دهد.;خۆڕێکخەر، ئەندامایەتی کراوە. ئاسانکاران بە ماوەی ٣ مانگ لەلایەن ئەندامانی گرووپی کارەوە هەڵدەبژێردرێن. ڕاپۆرتی دەرئەنجامی هەفتانە. هەر ئەندامێک دەتوانێت بابەتەکان بۆ ئەنجوومەن بگوازێتەوە.;ذاتية التنظيم، عضوية مفتوحة. ميسّرون منتخبون لفترات من ٣ أشهر. تقارير مخرجات أسبوعية. أي عضو يمكنه تصعيد القضايا للمجلس.;وت‌سازمانی، پچݔں بھرداری. آساں‌کار ۳-ماھی وھد ءِ واستہ کار-گرۏپانی بھردارانی نݔمگ ءَ گچݔن بنت. ھپتگانہ درآرانی راپۏرٹاں. ھر بھردارے شۏرا ءِ دݔما گپاں برت کنت.;اؤز-تشکیلاتلانما، آچیق اوزولوک. فاسیلیتاتورلار ایشچی قروپ اوزولری طرفیندن ۳ آیلیق دؤوره اوچون سئچیلیر. هفته‌لیک نتیجه راپورتلاری. هر اوزو مسأله‌نی کووردیناسیا شوراسینا (CC) قالدیرا بیلر.
x_elected_rotating_accountable;Elected · Rotating · Accountable;منتخب · چرخشی · پاسخگو;هەڵبژێردراو · خولانەوە · بەرپرس;منتخب · دوري · مُساءَل;گچݔن بوتگݔں · خولانگ · جۏاب‌دہ;سئچیلمیش · دؤوری · جاوابده
x_3_elected_auditors_independent_of_cc_and_wgs_can_i;3 elected auditors, independent of CC and WGs. Can investigate anything. Publish findings directly to GA. Trigger recall votes. No executive power — only sunlight.;۳ بازرس منتخب، مستقل از شورا و کارگروه‌ها، می‌توانند هر چیزی را بررسی کنند، و یافته‌ها را مستقیماً به مجمع عمومی و افکار عمومی  گزارش ‌دهند. ;٣ پشکنەری هەڵبژێردراو، سەربەخۆ لە ئەنجوومەن و گرووپە کارەکان. دەتوانن هەر شتێک لێکۆڵینەوە بکەن و دۆزینەوەکان ڕاستەوخۆ بۆ کۆبوونەوەی گشتی و بۆ ڕای گشتی بڵاو بکەنەوە.;٣ مدققين منتخبين، مستقلين عن مجلس التنسيق ومجموعات العمل. يمكنهم التحقيق في أي شيء، ونشر النتائج مباشرة للجمعية العامة وللرأي العام.;۳ گچݔن بوتگݔں ٹپاس‌کار (Auditors)، چہ شۏرا ءُ کار-گرۏپاں آزات. ھرچی یے ءَ ٹپاسگ کن اَنت ءُ دست‌آتکاں ءَ سݔدھا عامݔں دیوان ءُ عامݔں رائے ءَ شنگ کن اَنت.;۳ سئچیلمیش آودیتور، شورا و ایشچی قروپلاردان موستقیل. هر شئیی آراشدیرا بیلر و تاپینتیلاری بیرباشا باش مجلیسه و عمومنین رئ‌ینه ارائه ائده بیلر.
x_self_governing_open;Self-Governing · Open;خودگردان · باز;خۆبەڕێوەبەر · کراوە;ذاتية الحكم · مفتوحة;وتمختاری · پچ;اؤز-ایدارەچی · آچیق
x_independent_audit_transparency;Independent · Audit · Transparency;مستقل · بازرسی · شفافیت;سەربەخۆ · پشکنین · ڕوونی;مستقلة · تدقيق · شفافية;آزات · ٹپاسگ · شپاک;موستقیل · آودیت · شفافلیق
x_governance_accountability_mechanisms;Governance accountability mechanisms;سازوکارهای پاسخگویی حکمرانی;میکانیزمەکانی بەرپرسیاریەتی;آليات المساءلة والحوكمة;واکداری ءِ جۏاب‌دھی ءِ مکانیزم;ایداره‌ائتمه‌ده جاوابده‌لیک مکانیزملری
x_mechanism;Mechanism;سازوکار;مێکانیزم;الآلية;مکانیزم;مکانیزم
x_what_it_does;What It Does;عملکرد;کارەکەی;وظيفتها;اے چے کنت;بو نه ائدیر
x_meeting_time;Meeting time;زمان جلسات;کاتی کۆبوونەوە;وقت الاجتماع;دیوان ءِ وھد;ایجلاس واختی
x_all_sessions_at_18_00_20_00_cet_20_30_22_30_irst_c;All sessions at 18:00–20:00 CET (20:30–22:30 IRST) — chosen so diaspora and Iran can both attend;تمام نشست‌ها ساعت ۱۸:۰۰–۲۰:۰۰ به وقت اروپای مرکزی (۲۰:۳۰–۲۲:۳۰ به وقت ایران) — برای مشارکت همزمان داخل و دیاسپورا;هەموو کۆبوونەوەکان لە ١٨:٠٠–٢٠:٠٠ ی CET (٢٠:٣٠–٢٢:٣٠ ی IRST) — بۆ بەشداری دیاسپۆرا و ناوخۆ;جميع الجلسات الساعة ١٨:٠٠–٢٠:٠٠ بتوقيت وسط أوروبا (٢٠:٣٠–٢٢:٣٠ بتوقيت إيران) — لمشاركة الشتات وإيران معاً;دراھݔں دیوان ۱۸:۰۰–۲۰:۰۰ CET (۲۰:۳۰–۲۲:۳۰ IRST) — تاں دیاسپۏرا ءُ ایران ھوار بہ بنت;بوتون ایجلاسلار ساعت ۱۸:۰۰–۲۰:۰۰ CET (۲۰:۳۰–۲۲:۳۰ IRST) — دیاسپورا و ایرانین ایشتیراکی اوچون
x_participation_threshold;Participation threshold;آستانه‌ی مشارکت;ئاستی بەشداری;حد المشاركة;پدگیری ءِ کساس;ایشتیراک آستاناسی
x_must_vote_in_2_of_4_quarterly_sessions_to_keep_ver;Must vote in 2 of 4 quarterly sessions to keep verified status;باید در ۲ از ۴ جلسه‌ی فصلی رای بدهد تا وضعیت تاییدشده حفظ شود;دەبێ لە ٢ لە ٤ کۆبوونەوەی وەرز دەنگ بدات بۆ پاراستنی بارودۆخی پشتڕاستکراو;يجب التصويت في ٢ من ٤ جلسات فصلية للحفاظ على الحالة المُتحقق منها;وتی جاگہ ءِ رکݔنگ ءِ واستہ ۴ چارماھی دیواناں چہ ۲ دیوان ءَ رأی دیگ زروٗری اِنت;تأیید اولونموش وضعیتی ساخلاماق اوچون ۴ فصلی ایجلاسین ۲-سینده سس وئرمک واجیبدیر
x_staggered_elections;Staggered elections;انتخابات متناوب;هەڵبژاردنی نۆرەیی;انتخابات متناوبة;نۏبتی گچݔن‌کاری;نؤبه‌لی سئچکیلر
x_half_the_cc_rotates_every_6_months_always_a_fresh;Half the CC rotates every 6 months — always a fresh election;نصف شورا هر ۶ ماه تغییر می‌کند — همیشه انتخابات تازه;نیوەی ئەنجوومەن هەموو ٦ مانگ دەگۆڕێت — هەمیشە هەڵبژاردنی تازە;نصف المجلس يتغير كل ٦ أشهر — دائماً انتخابات جديدة;شۏرا ءِ نݔمگ ھر ۶ ماہ ءَ مٹ بیت — مدام نۏکݔں گچݔن‌کاری یے;شورانین یاریسی هر ۶ آیدا دییشیر — همیشه تزه سئچکی
x_recall_power;Recall power;قدرت عزل;دەسەڵاتی دەرکردن;سلطة العزل;پدا لۏٹگ ءِ واک;گری چاغیرما قدرتی
x_10_of_ga_can_trigger_recall_on_any_cc_member_at_an;10% of GA can trigger recall on any CC member at any time;۱۰٪ مجمع عمومی می‌تواند در هر زمان رای عزل هر عضو شورا را فعال کند;١٠٪ کۆبوونەوەی گشتی دەتوانێت هەر کاتێک دەنگدانی دەرکردنی هەر ئەندامێکی ئەنجوومەن چالاک بکات;١٠٪ من الجمعية يمكنهم تفعيل تصويت عزل أي عضو في أي وقت;عامݔں دیوان ءِ ۱۰٪ ھر وھد ءَ شۏرا ءِ ھر بھردارے ءِ پدا لۏٹگ ءَ بنگیج کت کنت;باش مجلیسین ۱۰٪-ی هر واخت شورا اوزوونون گری چاغیرما سس‌وئرمه‌سینی باشلادا بیلر
x_term_limits;Term limits;محدودیت دوره;سنووری ماوە;حدود الفترات;دْروشُم ءِ سیمسر;دؤوره محدودیتلری
x_cc_max_2_consecutive_watchdog_max_1_facilitators_m;CC: max 2 consecutive. Watchdog: max 1. Facilitators: max 3;شورا: حداکثر ۲ متوالی. ناظر: حداکثر ۱. تسهیل‌گران: حداکثر ۳;ئەنجوومەن: زۆرینە ٢ لەپشتیەکداهاتوو. چاودێر: زۆرینە ١. ئاسانکار: زۆرینە ٣;المجلس: حد أقصى ٢ متتاليتان. الرقابة: ١. الميسّرون: ٣;شۏرا: گݔشترݔں ۲ بر ءَ آتکگݔں. چارگݔر: گݔشترݔں ۱. آساں‌کار: گݔشترݔں ۳;شورا: ماکسیموم ۲ آردیجیل. ناظیر: ماکسیموم ۱. فاسیلیتاتورلار: ماکسیموم ۳
x_transparency_mandates;Transparency mandates;الزامات شفافیت;پێویستییەکانی ڕوونی;التزامات الشفافية;شپاک‌کاری ءِ پرماناں;شفافلیق طلب‌لری
x_cc_meetings_recorded_budgets_on_chain_monthly_publ;CC meetings recorded, budgets on-chain, monthly public reports;جلسات شورا ضبط می‌شود، بودجه‌ها روی زنجیره، گزارش عمومی ماهانه;کۆبوونەوەکانی ئەنجوومەن تۆمار دەکرێن، بودجەکان لەسەر زنجیرە، ڕاپۆرتی گشتی مانگانە;جلسات المجلس مسجلة، الميزانيات على السلسلة، تقارير عامة شهرية;شۏرا ءِ دیوان ریکارِڈ بنت، بوُجہ‌ھاں آن-چݔن بنت، ماھانہ عامݔں راپۏرٹاں;شورا ایجلاسلاری قئیده آلینیر، بودجه‌لر بلاکچئینده‌دیر، آیلیق خالق راپورتلاری
x_charter_amendment;Charter amendment;اصلاح اساسنامه;گۆڕانکاری بنەمانامە;تعديل الميثاق;رھبند ءِ مٹ ءُ بدلی;نظامنامه دییشیکلیگی
x_ga_can_change_the_rules_with_supermajority;GA can change the rules with ⅔ supermajority;مجمع عمومی می‌تواند قوانین را با اکثریت ⅔ تغییر دهد;کۆبوونەوەی گشتی دەتوانێت یاساکان بگۆڕێت بە زۆرینەی ⅔;يمكن للجمعية العامة تغيير القواعد بأغلبية ⅔;عامݔں دیوان رھبنداں ⅔ گݔشترݔں رأی ءَ گۏں مٹ کت کنت;باش مجلس قایدالاری ⅔ سس چوخلوغو ایله دییشه بیلر
x_absolute_red_lines;Absolute Red Lines;خطوط قرمز مطلق;هێڵە سوورە بەرزەکان;خطوط حمراء مطلقة;سکݔں سُھرݔں لکݔر;مطلق قیرمیزی خطلر
x_debating_future_government_form_republic_monarchy;Debating future government form (republic, monarchy, federation);بحث درباره‌ی شکل حکومت آینده (جمهوری، مشروطه، فدرال);گفتوگۆ لەسەر شێوەی حکوومەتی داهاتوو (کۆمار، مۆنارکی، فیدراڵ);مناقشة شكل الحكومة المستقبلية (جمهورية، ملكية، فيدرالية);آتکݔں سرکار ءِ دْروشُم ءِ سر ءَ گپ ءُ تران (جمھوری، بادشاہی، پݔڈریشن);گله‌جک حؤکومت فورماسی حاقیندا موباحیثه (جومهوریت، مونارخیا، فئدئراسیا)
x_disagreeing_about_foreign_intervention_s_role;Disagreeing about foreign intervention's role;مخالفت با نقش مداخله‌ی خارجی;ناکۆکبوون لەسەر ڕۆڵی دەستێوەردانی دەرەکی;الاختلاف حول دور التدخل الخارجي;درآمداں ءِ دست‌مان‌جنی ءِ رۏل ءِ سر ءَ ناتپاکی;خاریجی موخالیفه‌نین رولو حاقیندا فیکیر آیریلیغی
x_criticizing_other_opposition_strategies;Criticizing other opposition strategies;انتقاد از استراتژی‌های اپوزیسیون;ڕەخنەگرتن لە ستراتیژییەکانی ئۆپۆزسیۆن;انتقاد استراتيجيات المعارضة;اپۏزیسیۏن ءِ ستراتیژیانی سر ءَ ایراد;موخالیفت ستراتئژیالارینی تنقید ائتمک
x_expressing_ethnic_national_and_regional_identity;Expressing ethnic, national and regional identity;بیان هویت قومی، ملی و منطقه‌ای;دەربڕینی ناسنامەی ئیتنیکی، نەتەوەیی و ناوچەیی;التعبير عن الهوية العرقية، القومية والإقليمية;کئومی، راجی ءُ دمگی پجّار ءِ درشان;ائتنیک، میللی و بؤلگه‌سل کیملیگی ایفاده ائتمک
x_proposing_radical_ideas_within_the_boundaries_abov;Proposing radical ideas within the boundaries above;پیشنهاد ایده‌های بنیادین در چارچوب مرزهای بالا;پێشنیاری بیرۆکەی بنەڕەتی لە چوارچێوەی سنوورەکانی سەرەوە;اقتراح أفكار جذرية ضمن الحدود أعلاه;برزی سیمسرانی تہا بنیاتی ھیالانی پݔش‌کش کنگ;یوخاریداکی سرحدلر چرچیوه‌سینده رادیکال فیکیرلر تکلیف ائتمک
x_join_as_volunteer;Join as Volunteer;ثبت‌نام داوطلبانه;تۆمارکردنی خۆبەخش;سجّل كمتطوع;رزا کار ءِ ڈؤل ءَ ھوار بئیت;کؤنوللو اولاراق قوشولون
x_read_all_public_channels_watch_livestreams_self_jo;Follow public updates, read open channels, and watch livestreams.;به‌روزرسانی‌های عمومی را دنبال کنید، کانال‌های باز را بخوانید و پخش زنده را تماشا کنید.;دواداچوونی نوێکارییە گشتییەکان بکە، کەناڵە کراوەکان بخوێنەوە و پەخشی ڕاستەوخۆ ببینە.;تابع التحديثات العامة، واقرأ القنوات المفتوحة، وشاهد البث المباشر.;عامی نوکانی ءَ دنبەل بکن اِت، وا چۆن چینلانی بوان اِت ءُ زندگݔں شنگ ءَ بچار اِت.;آچیق یئنیلملری ایزله‌یین، آچیق کاناللاری اوخویون و جانلی یایینلاری ایزله‌یین.
x_accept_code_of_conduct_write_in_channels_join_work;Accept the code of conduct, contribute ideas and discussion in channels, and join working groups. Coming soon.;منشور رفتاری را بپذیرید، در کانال‌ها ایده و گفت‌وگو مشارکت کنید و به کارگروه‌ها بپیوندید. به‌زودی.;کۆدی ڕەفتار بپەسێنە، لە کەناڵەکاندا بە بیرۆکە و گفتوگۆ بەشداربە و بچۆ ناو کارگرووپەکان. بەم زووانە.;اقبل مدونة السلوك، وشارك بالأفكار والنقاش داخل القنوات، وانضم إلى مجموعات العمل. قريباً.;رپتاری رھبنداں منّ اِت، چینلانی تہا ھیال ءُ گفتگۆ ءَ پدگیری بکن اِت ءُ کار ءِ گرۏپاں ھوار بئیت. گیشتر نیا.;داورانیش قایدالارینی قبول ائدین، کاناللاردا فیکیر و باحثلره قاتیلین و ایشچی قروپلارا قوشولون. یاخیندا.
x_zkp_identity_verification_vote_in_formal_decisions;Take on a deeper coordinating role after identity verification and organiser onboarding. Coming soon.;پس از تایید هویت با ورود به گروه سازمان‌دهندگان، در اجرا و هماهنگی کنگره نقش‌آفرین باشید. به‌زودی.;دوای پشتڕاستکردنەوەی ناسنامە و چوونە ناو گرووپی ڕێکخەران، لە جێبەجێکردن و هاوئاهەنگیدا ڕۆڵێکی قووڵتر بگرە. بەم زووانە.;بعد التحقق من الهوية والانضمام إلى فريق المنظّمين، خذ دوراً أعمق في التنفيذ والتنسيق. قريباً.;پدا پجّار ءِ ٹپاس ءُ سازمان‌ده‌ئوکی گرۏپ ءِ تہا ھوار بئیگ ءِ رھسرا، اجرا ءُ ھماھنگ‌کاری ءِ ژرف‌تر ءِ رۏل ءَ دسات بگیر اِت. گیشتر نیا.;کیملیک تصدیقیندن و سازمان‌ده‌نلر قروپونا قوشولدوقدان سونرا، اجرا و هماهنگلشدیریلمه‌ده داها درین بیر رول آلین. یاخیندا.
x_github_repository;GitHub Repository;مخزن گیت‌هاب;کوگای GitHub;مستودع جيتهاب;گیٹ‌ھب ریپۏزٹری;گیتهاب رپوزیتوریسی
x_follow_updates_on_x;Follow Updates on X;تازه‌ها را در پلتفرم X دنبال کنید;نوێکارییەکان لە X دا بەدواداچوون بکە;تابع المستجدات على X;تازہ‌کاریانی X ءِ سر ءَ پدگیری بکن اِت;یئنیلیک‌لری X پلاتفورموندان ایزله‌یین
x_core_partners;Core Partners;همکاران اصلی;هاوبەشەکانی سەرەکی;الشركاء الأساسيون;بنگیجی ھمکاراں;اساس طرفداشلار
x_jomhoor;Jomhoor;جمهور;Jomhoor;جمهور;جمھور;جمهور
x_provides_civic_tech_infrastructure_for_democratic;provides civic tech infrastructure for democratic participation and citizen agency.;زیرساخت فناوری مدنی را برای مشارکت دموکراتیک و توانمندسازی شهروندان فراهم می‌کند.;ژێرخانی تەکنەلۆژیای مەدەنی بۆ بەشداری دیموکراسی و توانادانی هاوڵاتیان دابین دەکات.;يوفر البنية التحتية للتقنية المدنية من أجل المشاركة الديمقراطية وتمكين المواطنين.;دݔموکراسی ءِ پدگیری ءُ شھری واک ءِ واستہ راجی ٹݔک ءِ بنگیجاں دنت.;دئموکراتیک ایشتیراک و وطنداش آژئنتلیگی اوچون مدنی تکنولوژی آلت‌یاپیسینی تأمین ائدیر.
x_jomhoor_2;Jomhoor;جمهور;Jomhoor;جمهور;جمھور;جمهور
x_civic_tech;Civic Tech;فناوری مدنی;تەکنەلۆژیای مەدەنی;تقنية مدنية;راجی ٹݔکنالۏجی;مدنی تکنولوژی
x_atlas_iran_tcf_e_v;Atlas Iran / TCF e.V.;اطلس ایران / TCF e.V.;ئاتلاسی ئێران / TCF e.V.;أطلس إيران / TCF e.V.;اطلس ایران / TCF e.V.;اطلس ایران / TCF e.V.
x_atlas_iran;Atlas Iran;اطلس ایران;ئاتلاسی ئێران;أطلس إيران;اطلس ایران;اطلس ایران
x_tcf_e_v;TCF e.V.;TCF e.V.;TCF e.V.;TCF e.V.;TCF e.V.;TCF e.V.
x_mapping_legal;Mapping + Legal;نقشه‌برداری + حقوقی;نەخشەکێشان + یاسایی;خرائط + قانون;نقشہ‌کشی + قانونی;خریطه‌لشدیرمه + حوقوقی
x_technology_stack;Technology stack;فناوری‌های مورد استفاده;تەکنەلۆژیای بەکارهاتوو;المنظومة التقنية;ٹݔکنالۏجی ءِ بنگیج;تکنولوژی آلت‌یاپیسی
x_layer;Layer;لایه;چین;الطبقة;تہ;قات
x_purpose;Purpose;ابزار;ئامراز;الأداة;مراد;مقصدی
x_identity;Identity;هویت;ناسنامە;الهوية;پجّار;کیملیک
x_inid_sdk_rarimo_zk_passport;INID SDK + Rarimo ZK Passport;INID SDK + Rarimo ZK Passport;INID SDK + Rarimo ZK Passport;INID SDK + Rarimo ZK Passport;INID SDK + Rarimo ZK Passport;INID SDK + Rarimo ZK Passport
x_prove_citizenship_without_revealing_identity;Prove citizenship without revealing identity;اثبات تابعیت بدون افشای هویت;سەلماندنی هاوڵاتیبوون بەبێ ئاشکراکردنی ناسنامە;إثبات المواطنة دون كشف الهوية;شھری بئیگ ءَ ثابت بکن اِت بے پجّار ءِ پدّر کنگ ءَ;کیملیگی آچمادان وطنداشلیغی ثوبوت ائدین
x_deliberation;Deliberation;گفتگو;گفتوگۆ;التشاور;گپ ءُ تران;مصلحتلشمه
x_agora_polis_taraaz;Agora Polis / Taraaz;Agora Polis / ترازش;Agora Polis / ترازش;Agora Polis / ترازش;Agora Polis / ترازش;Agora Polis / ترازش
x_consensus_mapping_at_scale;Consensus mapping at scale;نقشه‌برداری اجماع در مقیاس;نەخشەکێشانی لێکهاتن لە ئاست;رسم خرائط الإجماع على نطاق واسع;پراہݔں کساس ءَ ھم‌رݔدݔں نقشہ‌کشی;گئنیش مقیاسدا کونسئنسوس خریطه‌سی
x_voting;Voting;رای‌گیری;دەنگدان;التصويت;رأی‌دنگ;سس‌وئرمه
x_iranians_vote_ranked_pairs;Iranians.Vote + Ranked Pairs;Iranians.Vote + Ranked Pairs;Iranians.Vote + Ranked Pairs;Iranians.Vote + Ranked Pairs;Iranians.Vote + Ranked Pairs;Iranians.Vote + Ranked Pairs
x_anonymous_verifiable_optimal_decisions;Anonymous, verifiable, optimal decisions;تصمیمات ناشناس، قابل تایید، بهینه;بڕیارە بێناو، پشتراستکراو و باشترینەکان;قرارات مجهولة، قابلة للتحقق، مثلى;بے‌نامݔں، پکاݔں، شرترݔں پݔسلہ;آنونیم، تصدیقله‌نه بیلن، اوپتیمال قرارلار
x_communication;Communication;ارتباطات;پەیوەندی;التواصل;ھال ءُ اھوال;ایلتیشیم
x_Channel;Channel;Channel;Channel;Channel;Channel;Channel
x_organized_channels_threads_video_calls;Organized channels, threads, video calls;کانال‌های سازمان‌دهی‌شده، ریسه‌ها، تماس تصویری;کەناڵە ڕێکخراوەکان، ڕیسەکان، پەیوەندی ڤیدیۆیی;قنوات منظمة، مواضيع، مكالمات فيديو;رݔکبندݔں چینلاں، رݔدگاں، وݔڈیۏ کال;تشکیلاتلی کاناللار، ایپلیکلر، ویدئو زنگلر
x_treasury;Treasury;خزانه;گەنجینە;الخزينة;خزانہ;خزینه
x_multi_sig_dexe_dao;Multi-Sig + DeXe DAO;Multi-Sig + DeXe DAO;Multi-Sig + DeXe DAO;Multi-Sig + DeXe DAO;Multi-Sig + DeXe DAO;Multi-Sig + DeXe DAO
x_participatory_budgeting_transparent_funds;Participatory budgeting, transparent funds;بودجه‌ریزی مشارکتی، صندوق شفاف;بودجەبەندی بەشدارانە، سەرمایەی ڕوون;موازنة تشاركية، أموال شفافة;پدگیری ءِ بوُجہ‌بندی، شپاکݔں پنڈاں;ایشتیراکچی بودجه‌لشدیرمه، شفاف فوندلار
x_assemble_founding_team_set_up_channel_workspace_draf;Assemble founding team · Set up Channel workspace · Draft charter · Contact first 20 organizations · Build this website;تشکیل تیم بنیان‌گذار;کۆکردنەوەی تیمی دامەزرێنەر · دروستکردنی سلاک · نووسینی بنەمانامە · پەیوەندی بە ٢٠ ڕێکخراوی یەکەم · دروستکردنی ئەم وێبسایتە;تجميع الفريق المؤسس · إعداد سلاك · صياغة الميثاق · الاتصال بأول ٢٠ منظمة · بناء هذا الموقع;بنگیجی ٹݔم ءَ ھوار کن اِت · سلاک ءِ جاگہ ءَ جۏڑ کن اِت · رھبند ءَ بہ‌نویس اِت · اولی ۲۰ گل ءَ گۏں ھال کن اِت · اے وݔب‌سائٹ ءَ جۏڑ کن اِت;قوروجو کوماندا ییغماق . ایش فضاسینی قورماق · نظامنامه لاییحه‌سینی یازماق · ایلک ۲۰ تشکیلاتلا علاقه قورماق · بو وئب‌سایتی یاراتماق
x_first_48_hour_sprint_9_working_groups_activate_liv;First 48-hour sprint · 9 working groups activate · Live Taraaz deliberation · Produce first outputs · Begin weekly rhythm;برنامه آغازین ۴۸ ساعته · فعال‌سازی ۹ کارگروه · گفتگوی زنده در ترازش · تولید اولین خروجی‌ها · آغاز ریتم هفتگی;یەکەم بەرنامەی ٤٨ کاتژمێری · چالاککردنی ٩ کارگرووپ · گفتوگۆی ڕاستەوخۆ لە ترازش · بەرهەمهێنانی یەکەم دەرئەنجامەکان · دەستپێکردنی ڕیتمی هەفتانە;أول برنامج ٤٨ ساعة · تفعيل ٩ مجموعات عمل · تشاور مباشر على ترازش · إنتاج أول المخرجات · بدء الإيقاع الأسبوعي;اولی ۴۸-کلاکی پروگرام · ۹ کار ءِ گرۏپ چالاک بنت · ترازش ءِ زندگݔں گپ ءُ تران · اولی درآراں پݔش کن اِت · ھپتگانه ریتم ءَ بندات کن اِت;ایلک ۴۸ ساعاتلیق برنامه · ۹ ایشچی قروپونو فعاللاشدیرین · جانلی Taraaz مصلحتلشمه‌سی · ایلک نتیجه‌لری حاصیل ائدین · هفته‌لیک ریتمه باشلایین
x_open_verified_membership_first_cc_election_all_9_w;Open verified membership · First CC election · All 9 WGs active weekly · 1,000+ participants · Quarterly digital summits;افتتاح عضویت تاییدشده · اولین انتخابات شورا · هر ۹ کارگروه فعال هفتگی · ۱۰۰۰+ شرکت‌کننده · نشست‌های فصلی دیجیتال;کردنەوەی ئەندامایەتی پشتڕاستکراو · یەکەم هەڵبژاردنی ئەنجوومەن · هەموو ٩ کارگرووپ هەفتانە چالاک · ١٠٠٠+ بەشداربە · کۆبوونەوەی وەرزیی دیجیتاڵ;فتح العضوية المُتحقق منها · أول انتخابات لمجلس التنسيق · جميع ٩ مجموعات العمل نشطة أسبوعياً · +١٠٠٠ مشارك · قمم رقمية فصلية;پکاݔں بھرداری ءَ پچ کن اِت · شۏرا ءِ اولی گچݔن‌کاری · دراھݔں ۹ کار ءِ گرۏپ ھپتگانه چالاک بنت · ۱۰۰۰+ بھردار · چارماھی ڈیجیٹالی دیواناں;تصدیقلنمیش اوزولوغو آچین · ایلک شورا سئچکیسی · بوتون ۹ ایشچی قروپ هفته‌لیک فعال · ۱۰۰۰+ ایشتیراکچی · فصلی دیجیتال زیروه‌لر
x_dao_activation_permanent_secretariat_annual_hybrid;DAO activation · Permanent secretariat · Annual hybrid summit · Constitutional proposals published · Replication toolkit;فعال‌سازی DAO · دبیرخانه‌ی دائمی · نشست سالانه‌ی ترکیبی · انتشار پیشنهادات قانون اساسی · جعبه‌ابزار تکرار;چالاککردنی DAO · سکرتاریای هەمیشەیی · کۆبوونەوەی ساڵانەی تێکەڵ · بڵاوکردنەوەی پێشنیاری دەستوور · ئامرازی دووبارەکردنەوە;تفعيل DAO · أمانة دائمة · قمة سنوية هجينة · نشر مقترحات دستورية · مجموعة أدوات للتكرار;ڈاؤ (DAO) ءِ چالاک کنگ · مدامیݔں سکرتاریٹ · سالانہ ھوارݔں دیوان · دستوٗری سۏجگانی شنگ کنگ · تکرار ءِ ٹوٗل‌کِٹ;DAO-نون فعاللاشدیریلماسی · دایمی کاتیبلیک · ایللیک هیبرید زیروه · آنایاسا تکلیفلرینین یایینلانماسی · تکرارلاما واسیطه‌لری
x_about;About;درباره;دەربارە;حول;بارہ ءَ;حاقیندا
x_governance;Governance;حکمرانی;بەڕێوەبردن;الحوكمة;سررشتگی;ایداره‌ائتمه
x_red_lines;Red Lines;خطوط قرمز;هێڵی سوور;خطوط حمراء;سُھرݔں لکݔر;قیرمیزی خطلر
x_github;GitHub;گیت‌هاب;GitHub;جيتهاب;گیٹ‌ھب;گیتهاب
x_x_twitter;X / Twitter;X / توییتر;X / تویتەر;X / تويتر;X / ٹویٹر;X / توییتر
x_jomhoor_3;Jomhoor;جمهور;جمهور;جمهور;جمھور;جمهور
x_atlas_iran_2;Atlas Iran;اطلس ایران;ئاتلاسی ئێران;أطلس إيران;اطلس ایران;اطلس ایران
x_english;English;انگلیسی;ئینگلیزی;الإنجليزية;انگریزی;اینگیلیسجه
x_transnational_community_federation_e_v;Transnational Community Federation e.V.;فدراسیون جوامع تراملّی e.V.;فیدراسیۆنی کۆمەڵگەکانی فرە-نیشتمانی e.V.;فدرالية المجتمعات العابرة للحدود e.V.;فݔڈریشن ءِ تبکانی میان‌راجی e.V.;تراملّی جامیعه‌لر فدراسیونو e.V.
planning_banner;This congress is in the planning phase. We welcome your ideas and suggestions —;این کنگره‌ی دیجیتال در مرحله‌ی برنامه‌ریزی است. پیشنهادها و ایده‌های شما را می‌پذیریم —;ئەم کۆنگرەیە لە قۆناغی پلانداناندایە. بیرۆکە و پێشنیارەکانتان بەخێرهاتووە —;هذا المؤتمر في مرحلة التخطيط. نرحب بأفكاركم واقتراحاتكم —;اے کانگرس برنامه‌ریزی ءِ پاز ءَ اِنت. شمئے ھیال ءُ شۏر وژآتک اَنت —;بو کونقره پلانلاشدیریم مرحله‌سینده‌دیر. فیکیر و تکلیف‌لرینیزی گؤزله‌ییریک —
stat_signups;People Joined;نفر پیوسته‌اند;کەس بەشدارییان کرد;شخص انضموا;مردم گۏں بوتگ‌اَنت;نفر قوشولوب
custodian_label;Custodian:;نگهدارنده:;پارێزەر:;الوصي:;ناظر:;ناظیر:
about_body;Physical congresses happen once and vanish. Platforms exist but lack political process. Mapping projects document but don't engage. The Digital Iran Freedom Congress fills the gap: a continuous, digital-first political engagement process that connects diaspora and inside-Iran actors, uses proven privacy technology, and produces tangible outputs every single week.;کنگره‌های فیزیکی یک بار برگزار می‌شوند و از بین می‌روند. پلتفرم‌ها وجود دارند اما فاقد فرآیندهای مشارکت پیوسته سیاسی هستند. پروژه‌های نقشه‌برداری سیاسی مستندسازی می‌کنند اما مشارکت ایجاد نمی‌کنند. کنگره‌ی دیجیتال آزادی ایران این خلأ را پر می‌کند: یک فرآیند مشارکت سیاسی پیوسته و دیجیتال که فعالان داخل و خارج از ایران (دیاسپورا) را به هم متصل می‌کند، از فناوری‌های اثبات‌شده‌ی حفظ حریم خصوصی استفاده می‌کند و هر هفته خروجی‌های ملموسی تولید می‌کند.;کۆنگرە فیزیکییەکان یەکجار ئەنجام دەدرێن و لەنێو دەچن. پلاتفۆرمەکان هەن، بەڵام پرۆسەی بەشداریی بەردەوامی سیاسییان نییە. پڕۆژەکانی نەخشەکێشان بەڵگەنامە دەکەن، بەڵام بەشداری دروست ناکەن. کۆنگرەی دیجیتاڵی ئازادیی ئێران ئەم بۆشاییە پڕ دەکاتەوە: پرۆسەیەکی بەردەوام و دیجیتاڵیی بەشداریی سیاسی کە چالاکوانانی ناوخۆ و دەرەوەی ئێران (دیاسپۆرا) بەیەکەوە دەبەستێتەوە، تەکنەلۆژیای تاقیکراوی پاراستنی تایبەتمەندی بەکاردەهێنێت و هەموو هەفتەیەک دەرئەنجامی بەرجەستە بەرهەم دەهێنێت.;المؤتمرات الحضورية تُعقد مرة واحدة ثم تتلاشى. المنصات موجودة لكنها تفتقر إلى عمليات مشاركة سياسية مستمرة. مشاريع رسم الخرائط توثّق، لكنها لا تُنشئ مشاركة. يملأ المؤتمر الرقمي لحرية إيران هذه الفجوة: عملية مشاركة سياسية مستمرة ورقمية تربط بين الفاعلين داخل إيران وخارجها (الشتات)، وتستخدم تقنيات خصوصية مُثبتة، وتنتج مخرجات ملموسة كل أسبوع.;جسدی کانگرس یک برے بنت ءُ گار بنت. پلتپۏرم ھست اَنت بلے مدامیݔں سیاسی پدگیری ءِ رھسراں چہ زبھر اَنت. نقشه‌کشی ءِ پراجکٹ پد ءُ رند جۏڑ کن اَنت بلے پدگیری جۏڑ نه کن اَنت. ایران ءِ آزاتی ءِ ڈیجیٹالی کانگرس اے ھالیگݔں جاگہ ءَ پُر کنت: یک مدامیݔں ءُ ڈیجیٹالی سیاسی پدگیری ءِ رھسرے کہ ایران ءِ تہا ءُ دَرا (دیاسپۏرا) کار کنۏکاں گۏں یکدگرا ھمگرنچ کنت، پکاݔں رازداری ءِ ٹݔکنالۏجی کارمرز کنت، ءُ ھر ھپتگ پدّرݔں درآراں پݔش کنت.;فیزیکی کونقره‌لر بیر دفعه کئچیریلیر و یوخ اولور. پلاتفورملار وار، آمما داواملی سیاسی ایشتیراک پروسئسلریندن محرومدور. خریطه‌لشدیرمه لاییحه‌لری سندلشدیریر، آمما ایشتیراک یاراتمیر. ایرانین دیجیتال آزادلیق کونقره‌سی بو بوشلوقو دولدورور: ایرانین ایچی و خاریجینده‌کی (دیاسپورا) آکتورلاری بیرلشدیرن، ثوبوت اولونموش گیزلیلیک تکنولوژیالاریندان ایستیفاده ائدن و هر هفته ملموس نتیجه‌لر یارادان داواملی و دیجیتال سیاسی ایشتیراک پروسئسی.
rhythm_sat_plenary;Opening Plenary (livestreamed);نشست عمومی افتتاحیه (پخش زنده);دانیشتنی گشتیی کردنەوە (پەخشی ڕاستەوخۆ);الجلسة العامة الافتتاحية (بث مباشر);بنگیجی عامݔں دیوان (زندگݔں شنگ);آچیلیش باش مجلیسی (جانلی یاییم)
rhythm_sat_wg;Working Group sessions (parallel);جلسات کارگروه‌ها (موازی);دانیشتنەکانی گرووپی کار (هاوتەریب);جلسات مجموعات العمل (متوازية);کار ءِ گرۏپانی دیوان (پلو پہ پلو);ایشچی قروپ ایجلاسلاری (پارالئل)
rhythm_sun_wg;Working Group sessions (continued);جلسات کارگروه‌ها (ادامه);دانیشتنەکانی گرووپی کار (بەردەوام);جلسات مجموعات العمل (مستمرة);کار ءِ گرۏپانی دیوان (برجاہ);ایشچی قروپ ایجلاسلاری (داوامی)
rhythm_sun_townhall;Public Town Hall + Closing (livestreamed);نشست عمومی مردمی و اختتامیه (پخش زنده);کۆبوونەوەی گشتیی جەماوەری و کۆتایی (پەخشی ڕاستەوخۆ);اجتماع عام مفتوح وختام (بث مباشر);مردمی دیوان ءُ ھلاسی (زندگݔں شنگ);خالق ایجلاسی و باغلانیش (جانلی یاییم)
signup_counter_suffix;people have joined;نفر پیوسته‌اند;کەس بەشدارییان کردووە;شخص انضموا;مردم ھوار بوتگ‌اَنت;نفر قوشولوب
tech_col_tool;Tool;ابزار;ئامراز;الأداة;ھاژہ;آلت
stat_num_working_groups;9;۹;٩;٩;۹;۹
stat_num_launch_sprint;48h;۴۸ ساعت;٤٨ کاتژمێر;٤٨ ساعة;٤٨ ساعت;۴۸ ساعت
stat_num_weekends;∞;∞;∞;∞;∞;∞
stat_num_venue_cost;0,00 €;۰,۰۰ €;٠,٠٠ €;٠,٠٠ €;۰,۰۰ €;۰,۰۰ €
;Planning Phase — Join the Conversation;مرحله‌ی برنامه‌ریزی — در گفتگو شرکت کنید;قۆناغی پلاندانان — بەشداری گفتوگۆکە بکە;مرحلة التخطيط — شارك في الحوار;برنامه‌ریزی ءِ پاز — گپ ءُ تران ءَ ھوار بئیت;پلانلاشدیریم مرحله‌سی — مذاکره‌یه قوشولون
coc_label;Code of Conduct;منشور رفتاری;کۆدی رەفتار;مدونة السلوك;رپتاری رھبند;Davranış Kuralları
coc_frame_aria_label;Code of Conduct;منشور رفتاری;کۆدی ڕەفتار;مدونة السلوك;رپتاری رھبند;Davranış Kuralları
coc_scroll_hint;Scroll to the bottom to accept;تا پایین این صفحه را روخوانی کنید تا گزینه پذیرش برای شما فعال شود.;ئەم پەڕەیە تا کۆتایی بخوێنەوە تاکو هەڵبژاردەی پەسەندکردن بۆت چالاک بێت.;مرّر واقرأ حتى نهاية هذه الصفحة ليتم تفعيل خيار القبول لك.;اے صفحہ ءَ ته ءَ بوان اِت تا منّی ءِ گۏچین ءَ ترا چالاک بیت.;قبول گزینه‌سینین فعال اولماسی اوچون بو صفحه‌نی سونا قدر اوخویون.
coc_load_error;Unable to load the Code of Conduct. Please refresh and try again.;بارگذاری منشور رفتاری ممکن نشد. صفحه را تازه‌سازی کنید و دوباره تلاش کنید.;نەتوانرا کۆدی ڕەفتار باربکرێت. تکایە لاپەڕەکە نوێ بکەرەوە و دووبارە هەوڵ بدەرەوە.;تعذر تحميل مدونة السلوك. يرجى تحديث الصفحة والمحاولة مرة أخرى.;رپتاری رھبند بار نبوت. تکا کن صفحہ ءَ تازه بکن اِت ءُ دویم ہیل بکن اِت.;Davranış Kuralları yüklenemedi. Lütfen sayfayı yenileyip tekrar deneyin.
coc_accept_label;I have read and accept the Code of Conduct;منشور رفتاری را خوانده‌ام و می‌پذیرم;کۆدی رەفتارم خوێندووەتەوە و پەسەندم دەکات;لقد قرأت مدونة السلوك وأقبلها;رپتاری رھبند مئ خوانت ءُ منّ کن اِت;Davranış Kurallarını okudum ve kabul ediyorum
signup_role_label;Join as:;عضویت به‌عنوان:;بەشداربە وەک:;الانضمام بوصفك:;عضویت ءِ ڈؤل ءَ:;Şu sıfatla katılın:
join_email_aria;Email address;نشانی ایمیل;ناونیشانی ئیمەیڵ;عنوان البريد الإلكتروني;ایمیل ءِ نشانی;E-posta adresi
join_email_placeholder;Your email address;نشانی ایمیل شما;ناونیشانی ئیمەیڵەکەت;عنوان بريدك الإلكتروني;شما ءِ ایمیل ءِ نشانی;E-posta adresiniz
signup_msg_error;Something went wrong. Please try again.;به نظر می‌رسد مشکلی پیش آمده. لطفاً دوباره تلاش کنید.;وا دیارە کێشەیەک هەیە. تکایە دووبارە هەوڵ بدەرەوە.;يبدو أن هناك مشكلة. يُرجى المحاولة مرة أخرى.;گمان اِنت یک هلاسی بوت. تکا کن دۏیم هیل بکن اِت.;گؤرونور بیر مشکل یارانوب. لطفاً ینیدن یوخلايین.
signup_msg_success;Check your email to confirm!; برای تأیید حساب خود روی پیوند موجود در ایمیل کلیک کنید.;بۆ پشتڕاستکردنەوەی هەژمارەکەت، لەسەر بەستەری ناو ئیمەیڵەکەت کلیک بکە.;لتأكيد حسابك، اضغط على الرابط الموجود في بريدك الإلكتروني.;وتی حساب ءِ تایید ءِ واستہ، ایمیل ءِ تہا بوتگݔں لینک ءِ سر ءَ کلک بکن اِت.;حسابینیزی تصدیق ائتمک اوچون ایمیلده‌کی لینکه کلیک ائدین.
role_observer;Observer;ناظر;چاودێر;مراقب;چارگݔر;Gözlemci
role_default;Default;پیش‌فرض;بنەڕەتی;افتراضي;پیش‌پرض;Varsayılan
role_contributor;Contributor;مشارکت‌کننده;بەشداربوو;مشارك;پدگیرۏک;Katılımcı
role_organiser;Organiser;سازمان‌دهنده;ڕێکخەر;منظم;سازمان‌ده‌ئوک;Organizatör
role_coming_soon;Coming soon;به‌زودی;بەم زووانە;قريباً;گیشتر نیا;Yakında
